"Time","Frequency 3E2F4FD3 (Ch Cbca Bethesda Ndosho - laboratoire)","Frequency C30F2E03 (Ch Cbca Bethesda Ndosho - clinique)","Voltage 3E2F4FD3 (Ch Cbca Bethesda Ndosho - laboratoire)","Voltage C30F2E03 (Ch Cbca Bethesda Ndosho - clinique)"
2022-12-31 00:00:00,50.9,50.9,203,205
2022-12-31 00:02:00,50.9,50.9,206,208
2022-12-31 00:04:00,50.8,50.8,207,208
2022-12-31 00:06:00,50.8,50.8,206,208
2022-12-31 00:08:00,51.0,51.0,206,208
2022-12-31 00:10:00,50.8,50.8,207,208
2022-12-31 00:12:00,50.7,50.7,206,207
2022-12-31 00:14:00,50.8,50.7,207,209
2022-12-31 00:16:00,50.9,50.9,207,209
2022-12-31 00:18:00,50.7,50.7,208,209
2022-12-31 00:20:00,51.0,50.9,208,210
2022-12-31 00:22:00,50.9,50.9,209,210
2022-12-31 00:24:00,50.8,50.7,209,210
2022-12-31 00:26:00,50.9,50.9,207,209
2022-12-31 00:28:00,50.9,50.8,208,209
2022-12-31 00:30:00,50.4,50.4,208,209
2022-12-31 00:32:00,50.6,50.6,209,210
2022-12-31 00:34:00,50.7,50.7,208,210
2022-12-31 00:36:00,50.6,50.5,209,211
2022-12-31 00:38:00,50.4,50.3,209,210
2022-12-31 00:40:00,50.6,50.6,209,210
2022-12-31 00:42:00,50.4,50.4,209,210
2022-12-31 00:44:00,50.7,50.7,208,210
2022-12-31 00:46:00,50.4,50.4,209,210
2022-12-31 00:48:00,50.3,50.3,208,210
2022-12-31 00:50:00,50.6,50.5,209,211
2022-12-31 00:52:00,50.6,50.6,209,211
2022-12-31 00:54:00,50.2,50.1,208,210
2022-12-31 00:56:00,50.5,50.6,209,211
2022-12-31 00:58:00,50.6,50.6,209,211
2022-12-31 01:00:00,50.4,50.4,209,211
2022-12-31 01:02:00,50.6,50.6,211,212
2022-12-31 01:04:00,50.5,50.6,208,209
2022-12-31 01:06:00,50.5,50.5,208,209
2022-12-31 01:08:00,50.6,50.6,207,209
2022-12-31 01:10:00,50.4,50.4,207,208
2022-12-31 01:12:00,50.7,50.8,207,209
2022-12-31 01:14:00,50.5,50.5,207,209
2022-12-31 01:16:00,50.4,50.4,210,211
2022-12-31 01:18:00,50.6,50.7,211,212
2022-12-31 01:20:00,50.9,51.0,212,214
2022-12-31 01:22:00,50.5,50.5,211,213
2022-12-31 01:24:00,50.6,50.6,211,213
2022-12-31 01:26:00,50.6,50.7,211,212
2022-12-31 01:28:00,50.5,50.5,209,211
2022-12-31 01:30:00,50.7,50.7,210,211
2022-12-31 01:32:00,50.5,50.5,209,211
2022-12-31 01:34:00,50.6,50.5,207,209
2022-12-31 01:36:00,50.4,50.4,208,209
2022-12-31 01:38:00,50.7,50.7,211,212
2022-12-31 01:40:00,50.5,50.5,211,212
2022-12-31 01:42:00,50.6,50.5,211,213
2022-12-31 01:44:00,50.5,50.6,213,216
2022-12-31 01:46:00,50.5,50.5,212,214
2022-12-31 01:48:00,50.7,50.7,213,215
2022-12-31 01:50:00,50.6,50.5,214,216
2022-12-31 01:52:00,50.7,50.7,215,216
2022-12-31 01:54:00,50.6,50.6,215,216
2022-12-31 01:56:00,50.7,50.7,215,216
2022-12-31 01:58:00,50.4,50.5,214,216
2022-12-31 02:00:00,50.6,50.6,214,216
2022-12-31 02:02:00,50.7,50.7,214,216
2022-12-31 02:04:00,50.7,50.6,214,216
2022-12-31 02:06:00,50.6,50.5,214,216
2022-12-31 02:08:00,50.6,50.6,215,216
2022-12-31 02:10:00,50.6,50.5,215,216
2022-12-31 02:12:00,50.6,50.6,215,216
2022-12-31 02:14:00,50.6,50.7,214,216
2022-12-31 02:16:00,50.5,50.5,214,216
2022-12-31 02:18:00,50.7,50.7,214,216
2022-12-31 02:20:00,50.6,50.6,215,216
2022-12-31 02:22:00,50.6,50.6,214,215
2022-12-31 02:24:00,50.5,50.5,214,216
2022-12-31 02:26:00,50.7,50.7,215,216
2022-12-31 02:28:00,50.4,50.4,214,216
2022-12-31 02:30:00,50.7,50.7,214,216
2022-12-31 02:32:00,50.3,50.3,214,215
2022-12-31 02:34:00,50.4,50.5,214,215
2022-12-31 02:36:00,50.7,50.6,211,213
2022-12-31 02:38:00,50.9,50.9,211,213
2022-12-31 02:40:00,50.3,50.3,211,213
2022-12-31 02:42:00,50.6,50.6,216,217
2022-12-31 02:44:00,50.6,50.6,215,217
2022-12-31 02:46:00,50.6,50.6,216,217
2022-12-31 02:48:00,50.4,50.4,215,216
2022-12-31 02:50:00,50.9,50.9,216,217
2022-12-31 02:52:00,50.6,50.7,216,217
2022-12-31 02:54:00,50.7,50.7,216,217
2022-12-31 02:56:00,50.5,50.6,213,215
2022-12-31 02:58:00,50.5,50.5,213,214
2022-12-31 03:00:00,50.5,50.5,215,216
2022-12-31 03:02:00,50.8,50.8,216,218
2022-12-31 03:04:00,50.4,50.4,215,217
2022-12-31 03:06:00,50.6,50.6,216,217
2022-12-31 03:08:00,50.6,50.6,216,218
2022-12-31 03:10:00,50.6,50.6,216,217
2022-12-31 03:12:00,50.5,50.6,215,217
2022-12-31 03:14:00,50.5,50.5,215,217
2022-12-31 03:16:00,50.7,50.6,216,218
2022-12-31 03:18:00,50.5,50.6,216,218
2022-12-31 03:20:00,50.5,50.5,216,218
2022-12-31 03:22:00,50.5,50.5,216,217
2022-12-31 03:24:00,50.6,50.5,216,217
2022-12-31 03:26:00,50.7,50.8,217,219
2022-12-31 03:28:00,50.6,50.6,215,217
2022-12-31 03:30:00,50.6,50.6,216,217
2022-12-31 03:32:00,50.7,50.7,216,217
2022-12-31 03:34:00,50.6,50.5,216,218
2022-12-31 03:36:00,50.7,50.7,216,218
2022-12-31 03:38:00,50.6,50.7,216,218
2022-12-31 03:40:00,50.6,50.7,217,219
2022-12-31 03:42:00,50.6,50.7,216,219
2022-12-31 03:44:00,50.7,50.7,217,218
2022-12-31 03:46:00,50.6,50.7,217,219
2022-12-31 03:48:00,50.8,50.7,217,219
2022-12-31 03:50:00,50.4,50.4,216,218
2022-12-31 03:52:00,50.6,50.6,216,217
2022-12-31 03:54:00,50.6,50.6,216,218
2022-12-31 03:56:00,50.6,50.6,217,219
2022-12-31 03:58:00,50.7,50.7,216,218
2022-12-31 04:00:00,50.5,50.5,216,218
2022-12-31 04:02:00,50.7,50.6,216,219
2022-12-31 04:04:00,50.5,50.5,216,218
2022-12-31 04:06:00,50.7,50.7,216,219
2022-12-31 04:08:00,50.7,50.6,216,219
2022-12-31 04:10:00,50.4,50.4,215,217
2022-12-31 04:12:00,50.6,50.6,216,219
2022-12-31 04:14:00,50.5,50.5,216,218
2022-12-31 04:16:00,50.7,50.6,216,217
2022-12-31 04:18:00,50.5,50.5,216,217
2022-12-31 04:20:00,50.7,50.7,214,215
2022-12-31 04:22:00,50.6,50.6,214,216
2022-12-31 04:24:00,50.7,50.7,214,216
2022-12-31 04:26:00,50.4,50.3,216,217
2022-12-31 04:28:00,50.7,50.6,216,219
2022-12-31 04:30:00,50.6,50.5,216,218
2022-12-31 04:32:00,50.4,50.4,216,218
2022-12-31 04:34:00,50.4,50.4,214,216
2022-12-31 04:36:00,50.7,50.7,216,218
2022-12-31 04:38:00,50.7,50.7,216,218
2022-12-31 04:40:00,50.3,50.3,216,217
2022-12-31 04:42:00,50.5,50.5,216,218
2022-12-31 04:44:00,50.7,50.7,216,217
2022-12-31 04:46:00,50.7,50.7,217,219
2022-12-31 04:48:00,50.5,50.6,216,218
2022-12-31 04:50:00,50.7,50.6,216,219
2022-12-31 04:52:00,50.4,50.4,217,219
2022-12-31 04:54:00,50.6,50.7,216,219
2022-12-31 04:56:00,50.8,50.9,217,219
2022-12-31 04:58:00,50.6,50.6,211,213
2022-12-31 05:00:00,50.7,50.7,211,213
2022-12-31 05:02:00,50.3,50.3,211,213
2022-12-31 05:04:00,50.5,50.5,214,216
2022-12-31 05:06:00,50.7,50.6,214,216
2022-12-31 05:08:00,50.5,50.6,214,216
2022-12-31 05:10:00,50.5,50.5,214,216
2022-12-31 05:12:00,50.9,50.8,214,216
2022-12-31 05:14:00,50.4,50.4,214,215
2022-12-31 05:16:00,50.6,50.6,214,215
2022-12-31 05:18:00,50.5,50.5,214,216
2022-12-31 05:20:00,50.8,50.7,214,215
2022-12-31 05:22:00,50.4,50.4,211,214
2022-12-31 05:24:00,50.6,50.6,211,214
2022-12-31 05:26:00,50.4,50.5,212,214
2022-12-31 05:28:00,50.5,50.5,212,214
2022-12-31 05:30:00,50.5,50.5,212,214
2022-12-31 05:32:00,50.6,50.6,209,211
2022-12-31 05:34:00,50.6,50.5,209,211
2022-12-31 05:36:00,50.5,50.5,208,210
2022-12-31 05:38:00,50.7,50.7,209,210
2022-12-31 05:40:00,50.5,50.5,209,210
2022-12-31 05:42:00,50.5,50.6,208,210
2022-12-31 05:44:00,50.6,50.6,208,210
2022-12-31 05:46:00,50.5,50.5,209,210
2022-12-31 05:48:00,50.4,50.4,207,208
2022-12-31 05:50:00,50.6,50.6,207,209
2022-12-31 05:52:00,50.4,50.4,207,208
2022-12-31 05:54:00,50.6,50.6,206,207
2022-12-31 05:56:00,50.5,50.6,204,205
2022-12-31 05:58:00,50.3,50.3,205,207
2022-12-31 06:00:00,50.6,50.6,205,207
2022-12-31 06:02:00,50.7,50.7,208,209
2022-12-31 06:04:00,50.4,50.4,202,204
2022-12-31 06:06:00,50.7,50.7,203,204
2022-12-31 06:08:00,50.6,50.6,197,199
2022-12-31 06:10:00,50.5,50.5,201,202
2022-12-31 06:12:00,50.6,50.6,203,204
2022-12-31 06:14:00,50.3,50.3,200,202
2022-12-31 06:16:00,50.4,50.5,202,204
2022-12-31 06:18:00,50.5,50.5,202,203
2022-12-31 06:20:00,50.4,50.4,202,204
2022-12-31 06:22:00,50.4,50.4,204,206
2022-12-31 06:24:00,50.5,50.6,206,208
2022-12-31 06:26:00,50.4,50.4,203,205
2022-12-31 06:28:00,50.5,50.4,194,194
2022-12-31 06:30:00,50.7,50.7,197,197
2022-12-31 06:32:00,50.5,50.5,204,200
2022-12-31 06:34:00,50.5,50.5,205,202
2022-12-31 06:36:00,50.4,50.4,205,202
2022-12-31 06:38:00,50.5,50.5,204,200
2022-12-31 06:40:00,50.4,50.4,206,202
2022-12-31 06:42:00,50.5,50.5,204,200
2022-12-31 06:44:00,50.4,50.3,206,208
2022-12-31 06:46:00,50.5,50.4,206,208
2022-12-31 06:48:00,50.4,50.5,199,204
2022-12-31 06:50:00,50.4,50.4,197,202
2022-12-31 06:52:00,50.3,50.4,202,207
2022-12-31 06:54:00,50.3,50.4,202,206
2022-12-31 06:56:00,50.4,50.4,203,207
2022-12-31 06:58:00,50.4,50.4,201,205
2022-12-31 07:00:00,50.6,50.5,207,208
2022-12-31 07:02:00,50.5,50.5,208,210
2022-12-31 07:04:00,50.3,50.3,209,211
2022-12-31 07:06:00,50.4,50.4,211,214
2022-12-31 07:08:00,50.5,50.5,211,214
2022-12-31 07:10:00,50.4,50.5,204,207
2022-12-31 07:12:00,50.4,50.4,204,207
2022-12-31 07:14:00,50.3,50.4,202,205
2022-12-31 07:16:00,50.3,50.4,201,197
2022-12-31 07:18:00,50.4,50.4,200,197
2022-12-31 07:20:00,50.5,50.5,199,196
2022-12-31 07:22:00,50.3,50.2,199,196
2022-12-31 07:24:00,50.4,50.4,197,193
2022-12-31 07:26:00,50.2,50.2,194,192
2022-12-31 07:28:00,50.0,50.1,195,192
2022-12-31 07:30:00,50.3,50.3,194,190
2022-12-31 07:32:00,50.4,50.4,197,193
2022-12-31 07:34:00,50.3,50.4,192,192
2022-12-31 07:36:00,50.3,50.3,200,202
2022-12-31 07:38:00,50.3,50.3,191,195
2022-12-31 07:40:00,50.2,50.1,193,197
2022-12-31 07:42:00,50.0,50.0,192,196
2022-12-31 07:44:00,50.5,50.5,194,199
2022-12-31 07:46:00,50.2,50.2,193,196
2022-12-31 07:48:00,50.5,50.4,196,199
2022-12-31 07:50:00,50.3,50.4,192,194
2022-12-31 07:52:00,50.4,50.3,195,198
2022-12-31 07:54:00,50.2,50.2,195,198
2022-12-31 07:56:00,50.5,50.5,192,194
2022-12-31 07:58:00,50.2,50.2,192,196
2022-12-31 08:00:00,50.2,50.1,196,199
2022-12-31 08:02:00,50.2,50.2,196,199
2022-12-31 08:04:00,50.6,50.6,197,200
2022-12-31 08:06:00,50.2,50.2,198,201
2022-12-31 08:08:00,50.0,50.0,199,202
2022-12-31 08:10:00,50.4,50.4,199,202
2022-12-31 08:12:00,50.3,50.3,199,202
2022-12-31 08:14:00,50.5,50.5,201,204
2022-12-31 08:16:00,50.5,50.5,201,204
2022-12-31 08:18:00,50.1,50.0,199,202
2022-12-31 08:20:00,50.0,50.0,200,203
2022-12-31 08:22:00,50.3,50.3,197,201
2022-12-31 08:24:00,50.3,50.3,198,201
2022-12-31 08:26:00,50.3,50.3,199,203
2022-12-31 08:28:00,50.2,50.2,197,201
2022-12-31 08:30:00,50.1,50.2,194,198
2022-12-31 08:32:00,50.2,50.2,194,193
2022-12-31 08:34:00,50.4,50.4,187,190
2022-12-31 08:36:00,50.2,50.2,186,188
2022-12-31 08:38:00,50.2,50.2,190,196
2022-12-31 08:40:00,50.2,50.1,185,192
2022-12-31 08:42:00,50.1,50.1,180,182
2022-12-31 08:44:00,50.5,50.6,182,188
2022-12-31 08:46:00,50.3,50.2,181,190
2022-12-31 08:48:00,50.4,50.4,179,188
2022-12-31 08:50:00,50.2,50.2,180,186
2022-12-31 08:52:00,50.3,50.4,185,191
2022-12-31 08:54:00,50.0,50.0,186,190
2022-12-31 08:56:00,50.2,50.1,187,186
2022-12-31 08:58:00,50.1,50.2,192,194
2022-12-31 09:00:00,50.4,50.5,182,187
2022-12-31 09:02:00,50.2,50.2,187,191
2022-12-31 09:04:00,50.1,50.2,182,188
2022-12-31 09:06:00,50.3,50.4,176,185
2022-12-31 09:08:00,50.1,50.1,178,187
2022-12-31 09:10:00,50.2,50.1,183,191
2022-12-31 09:12:00,50.2,50.2,186,193
2022-12-31 09:14:00,50.0,50.0,185,192
2022-12-31 09:16:00,50.2,50.2,185,190
2022-12-31 09:18:00,50.2,50.2,186,192
2022-12-31 09:20:00,50.2,50.3,186,192
2022-12-31 09:22:00,50.2,50.1,183,190
2022-12-31 09:24:00,50.1,50.1,187,190
2022-12-31 09:26:00,50.2,50.2,191,194
2022-12-31 09:28:00,50.2,50.3,192,195
2022-12-31 09:30:00,50.1,50.1,190,193
2022-12-31 09:32:00,50.2,50.2,191,195
2022-12-31 09:34:00,50.3,50.2,192,194
2022-12-31 09:36:00,50.2,50.3,187,191
2022-12-31 09:38:00,50.2,50.2,192,196
2022-12-31 09:40:00,50.3,50.3,189,194
2022-12-31 09:42:00,50.2,50.2,186,192
2022-12-31 09:44:00,50.3,50.3,185,192
2022-12-31 09:46:00,50.2,50.2,190,194
2022-12-31 09:48:00,50.1,50.1,193,196
2022-12-31 09:50:00,50.2,50.2,190,193
2022-12-31 09:52:00,50.0,49.9,187,190
2022-12-31 09:54:00,50.4,50.3,192,194
2022-12-31 09:56:00,50.2,50.3,186,190
2022-12-31 09:58:00,50.1,50.1,185,188
2022-12-31 10:00:00,50.2,50.2,185,188
2022-12-31 10:02:00,50.3,50.3,180,184
2022-12-31 10:04:00,50.3,50.3,185,189
2022-12-31 10:06:00,50.1,50.1,190,192
2022-12-31 10:08:00,50.1,50.1,188,191
2022-12-31 10:10:00,50.2,50.2,187,190
2022-12-31 10:12:00,50.1,50.1,186,190
2022-12-31 10:14:00,50.2,50.2,187,190
2022-12-31 10:16:00,50.2,50.2,187,190
2022-12-31 10:18:00,50.2,50.3,189,191
2022-12-31 10:20:00,50.3,50.3,190,194
2022-12-31 10:22:00,50.3,50.2,189,194
2022-12-31 10:24:00,50.2,50.2,185,188
2022-12-31 10:26:00,50.0,50.0,182,186
2022-12-31 10:28:00,50.3,50.2,190,194
2022-12-31 10:30:00,50.3,50.3,187,190
2022-12-31 10:32:00,50.2,50.2,193,197
2022-12-31 10:34:00,50.0,50.0,187,190
2022-12-31 10:36:00,50.3,50.2,185,187
2022-12-31 10:38:00,50.3,50.3,190,193
2022-12-31 10:40:00,50.2,50.2,190,194
2022-12-31 10:42:00,50.1,50.2,185,187
2022-12-31 10:44:00,50.2,50.2,184,187
2022-12-31 10:46:00,50.1,50.2,183,187
2022-12-31 10:48:00,50.0,50.0,185,187
2022-12-31 10:50:00,50.3,50.3,190,193
2022-12-31 10:52:00,50.1,50.1,187,191
2022-12-31 10:54:00,50.1,50.1,184,187
2022-12-31 10:56:00,50.2,50.2,184,187
2022-12-31 10:58:00,50.1,50.1,182,185
2022-12-31 11:00:00,50.3,50.2,182,186
2022-12-31 11:02:00,50.2,50.2,183,186
2022-12-31 11:04:00,50.2,50.2,187,190
2022-12-31 11:06:00,50.3,50.2,183,186
2022-12-31 11:08:00,50.1,50.1,185,187
2022-12-31 11:10:00,50.1,50.1,182,184
2022-12-31 11:12:00,50.1,50.0,183,186
2022-12-31 11:14:00,50.2,50.2,181,185
2022-12-31 11:16:00,50.1,50.1,180,182
2022-12-31 11:18:00,50.2,50.2,177,181
2022-12-31 11:20:00,50.0,50.0,178,181
2022-12-31 11:22:00,49.9,50.0,178,180
2022-12-31 11:24:00,50.0,50.0,187,190
2022-12-31 11:26:00,50.2,50.1,187,190
2022-12-31 11:28:00,50.3,50.2,182,183
2022-12-31 11:30:00,50.2,50.2,179,183
2022-12-31 11:32:00,50.1,50.0,185,189
2022-12-31 11:34:00,50.1,50.1,182,185
2022-12-31 11:36:00,50.3,50.2,182,185
2022-12-31 11:38:00,50.1,50.2,178,182
2022-12-31 11:40:00,50.1,50.1,186,188
2022-12-31 11:42:00,50.4,50.3,180,182
2022-12-31 11:44:00,49.9,49.9,182,185
2022-12-31 11:46:00,50.1,50.1,187,190
2022-12-31 11:48:00,50.3,50.3,184,187
2022-12-31 11:50:00,50.1,50.2,185,189
2022-12-31 11:52:00,50.0,50.1,180,185
2022-12-31 11:54:00,50.3,50.3,181,186
2022-12-31 11:56:00,49.9,49.9,182,186
2022-12-31 11:58:00,50.0,50.0,180,182
2022-12-31 12:00:00,50.2,50.2,173,180
2022-12-31 12:02:00,50.1,50.1,174,180
2022-12-31 12:04:00,50.2,50.2,179,182
2022-12-31 12:06:00,50.1,50.1,186,190
2022-12-31 12:08:00,50.0,50.0,183,187
2022-12-31 12:10:00,49.9,49.9,178,180
2022-12-31 12:12:00,50,50.0,186,190
2022-12-31 12:14:00,49.8,49.8,186,188
2022-12-31 12:16:00,50.2,50.2,185,189
2022-12-31 12:18:00,50.1,50.1,182,185
2022-12-31 12:20:00,50.0,50.0,186,189
2022-12-31 12:22:00,50.2,50.2,187,190
2022-12-31 12:24:00,50.2,50.1,181,184
2022-12-31 12:26:00,50.2,50.2,186,189
2022-12-31 12:28:00,50.1,50.1,184,187
2022-12-31 12:30:00,50.3,50.3,187,189
2022-12-31 12:32:00,50.1,50.2,178,180
2022-12-31 12:34:00,50.2,50.2,178,182
2022-12-31 12:36:00,50.0,50.0,180,185
2022-12-31 12:38:00,50.2,50.2,178,181
2022-12-31 12:40:00,50.1,50.1,177,182
2022-12-31 12:42:00,50.2,50.2,176,180
2022-12-31 12:44:00,50.3,50.2,184,186
2022-12-31 12:46:00,49.9,49.9,182,184
2022-12-31 12:48:00,50.0,50.1,182,185
2022-12-31 12:50:00,50.2,50.2,181,184
2022-12-31 12:52:00,50.1,50.1,182,185
2022-12-31 12:54:00,50.2,50.3,187,190
2022-12-31 12:56:00,50.0,50.1,182,185
2022-12-31 12:58:00,50.2,50.2,184,186
2022-12-31 13:00:00,50.1,50.1,182,184
2022-12-31 13:02:00,50.0,50.0,183,185
2022-12-31 13:04:00,50.2,50.3,182,185
2022-12-31 13:06:00,50.1,50.1,179,182
2022-12-31 13:08:00,50.0,50.0,179,182
2022-12-31 13:10:00,50.1,50.1,183,185
2022-12-31 13:12:00,50.2,50.2,181,185
2022-12-31 13:14:00,50.1,50.1,184,187
2022-12-31 13:16:00,50.1,50.1,180,182
2022-12-31 13:18:00,50.0,50.0,180,184
2022-12-31 13:20:00,50.0,50.1,180,185
2022-12-31 13:22:00,50.0,50,182,185
2022-12-31 13:24:00,50.2,50.2,182,185
2022-12-31 13:26:00,49.9,50.0,182,187
2022-12-31 13:28:00,50.2,50.2,180,183
2022-12-31 13:30:00,49.9,49.9,183,185
2022-12-31 13:32:00,50.1,50.1,182,184
2022-12-31 13:34:00,50.1,50.1,177,180
2022-12-31 13:36:00,50.0,50.1,181,182
2022-12-31 13:38:00,50.3,50.2,179,182
2022-12-31 13:40:00,50.1,50.2,185,187
2022-12-31 13:42:00,50.1,50.1,183,185
2022-12-31 13:44:00,50.1,50.1,182,185
2022-12-31 13:46:00,50.2,50.2,185,188
2022-12-31 13:48:00,50.2,50.2,184,187
2022-12-31 13:50:00,50.5,50.4,183,185
2022-12-31 13:52:00,50.2,50.1,181,183
2022-12-31 13:54:00,50.3,50.3,183,185
2022-12-31 13:56:00,50.1,50.0,185,186
2022-12-31 13:58:00,50.2,50.2,186,188
2022-12-31 14:00:00,50.1,50.1,185,188
2022-12-31 14:02:00,50.2,50.2,184,185
2022-12-31 14:04:00,50.1,50.1,185,187
2022-12-31 14:06:00,50.2,50.2,187,190
2022-12-31 14:08:00,50.0,50.0,185,187
2022-12-31 14:10:00,50.0,50.0,182,185
2022-12-31 14:12:00,50.4,50.4,182,184
2022-12-31 14:14:00,50.0,50.0,187,190
2022-12-31 14:16:00,50.1,50.1,185,187
2022-12-31 14:18:00,50.1,50.2,181,184
2022-12-31 14:20:00,50.2,50.2,185,187
2022-12-31 14:22:00,50.1,50.1,182,186
2022-12-31 14:24:00,50.1,50.2,183,187
2022-12-31 14:26:00,49.8,49.8,181,184
2022-12-31 14:28:00,50.2,50.2,181,186
2022-12-31 14:30:00,50.0,50.1,178,181
2022-12-31 14:32:00,50.3,50.2,182,185
2022-12-31 14:34:00,50.3,50.3,184,187
2022-12-31 14:36:00,50.3,50.2,183,187
2022-12-31 14:38:00,50.1,50.1,182,185
2022-12-31 14:40:00,50.1,50.2,182,184
2022-12-31 14:42:00,50.2,50.2,179,182
2022-12-31 14:44:00,50.2,50.2,173,175
2022-12-31 14:46:00,50.2,50.3,180,183
2022-12-31 14:48:00,50.4,50.3,176,179
2022-12-31 14:50:00,50.2,50.2,182,185
2022-12-31 14:52:00,50.3,50.3,182,185
2022-12-31 14:54:00,50.2,50.1,183,187
2022-12-31 14:56:00,50.2,50.2,183,187
2022-12-31 14:58:00,50.2,50.0,185,188
2022-12-31 15:00:00,50.0,50.0,179,182
2022-12-31 15:02:00,50.2,50.2,180,184
2022-12-31 15:04:00,50.2,50.2,182,186
2022-12-31 15:06:00,50.1,50.0,178,181
2022-12-31 15:08:00,50.2,50.2,178,182
2022-12-31 15:10:00,50.2,50.2,180,183
2022-12-31 15:12:00,50.4,50.4,178,182
2022-12-31 15:14:00,50.1,50.1,180,185
2022-12-31 15:16:00,50.1,50.1,187,190
2022-12-31 15:18:00,50.2,50.4,187,190
2022-12-31 15:20:00,50.3,50.2,178,182
2022-12-31 15:22:00,50.2,50.2,179,182
2022-12-31 15:24:00,50.0,50.0,187,190
2022-12-31 15:26:00,50.3,50.3,185,187
2022-12-31 15:28:00,50.1,50.1,182,186
2022-12-31 15:30:00,50.2,50.2,185,187
2022-12-31 15:32:00,50.1,50.1,185,189
2022-12-31 15:34:00,49.9,49.9,180,183
2022-12-31 15:36:00,49.9,50.0,181,185
2022-12-31 15:38:00,49.9,49.9,176,180
2022-12-31 15:40:00,50.1,50.1,180,185
2022-12-31 15:42:00,50.3,50.3,181,185
2022-12-31 15:44:00,50.0,49.9,183,187
2022-12-31 15:46:00,50.2,50.2,175,180
2022-12-31 15:48:00,50.2,50.2,185,188
2022-12-31 15:50:00,50.1,50.1,180,184
2022-12-31 15:52:00,49.9,50.0,180,183
2022-12-31 15:54:00,50.1,50.1,188,189
2022-12-31 15:56:00,50.0,50.0,190,192
2022-12-31 15:58:00,50.2,50.2,189,192
2022-12-31 16:00:00,50.0,50.0,192,194
2022-12-31 16:02:00,49.8,49.7,188,191
2022-12-31 16:04:00,50.1,50.1,188,190
2022-12-31 16:06:00,50.0,50.1,189,192
2022-12-31 16:08:00,49.9,49.9,188,190
2022-12-31 16:10:00,50.4,50.4,185,187
2022-12-31 16:12:00,50.2,50.3,186,190
2022-12-31 16:14:00,50.2,50.2,182,187
2022-12-31 16:16:00,49.7,49.7,186,189
2022-12-31 16:18:00,50.1,50.1,182,185
2022-12-31 16:20:00,50.1,50.1,185,187
2022-12-31 16:22:00,49.8,49.8,182,185
2022-12-31 16:24:00,49.9,50.0,181,185
2022-12-31 16:26:00,50.0,50.0,187,189
2022-12-31 16:28:00,49.8,49.9,181,184
2022-12-31 16:30:00,49.8,49.8,180,183
2022-12-31 16:32:00,49.8,49.9,189,192
2022-12-31 16:34:00,50.1,50.1,185,187
2022-12-31 16:36:00,50.0,50.0,185,188
2022-12-31 16:38:00,50.2,50.2,186,189
2022-12-31 16:40:00,49.9,49.9,187,190
2022-12-31 16:42:00,50.1,50.1,187,190
2022-12-31 16:44:00,49.8,49.9,188,191
2022-12-31 16:46:00,50.1,50.1,190,192
2022-12-31 16:48:00,50.0,49.9,187,191
2022-12-31 16:50:00,50.1,50.2,190,193
2022-12-31 16:52:00,50.0,50.1,190,193
2022-12-31 16:54:00,50.2,50.3,190,193
2022-12-31 16:56:00,50.2,50.2,189,192
2022-12-31 16:58:00,50.3,50.2,189,192
2022-12-31 17:00:00,50.3,50.4,194,196
2022-12-31 17:02:00,50.0,50.0,190,194
2022-12-31 17:04:00,50.3,50.3,185,189
2022-12-31 17:06:00,50.3,50.4,186,188
2022-12-31 17:08:00,50.0,50.1,185,188
2022-12-31 17:10:00,50.4,50.5,182,186
2022-12-31 17:12:00,50.2,50.3,191,192
2022-12-31 17:14:00,50.1,50.1,190,193
2022-12-31 17:16:00,50.1,50.1,190,192
2022-12-31 17:18:00,50.4,50.3,191,193
2022-12-31 17:20:00,50.2,50.2,193,194
2022-12-31 17:22:00,50.4,50.4,192,194
2022-12-31 17:24:00,50.0,50.1,195,197
2022-12-31 17:26:00,50.4,50.4,195,197
2022-12-31 17:28:00,50.3,50.3,192,194
2022-12-31 17:30:00,50.3,50.3,187,190
2022-12-31 17:32:00,50.4,50.4,190,192
2022-12-31 17:34:00,50.2,50.2,187,190
2022-12-31 17:36:00,50.1,50.2,185,187
2022-12-31 17:38:00,50.1,50.1,185,187
2022-12-31 17:40:00,50.3,50.3,186,190
2022-12-31 17:42:00,50.6,50.6,187,190
2022-12-31 17:44:00,50.3,50.3,188,190
2022-12-31 17:46:00,50.0,50.0,185,187
2022-12-31 17:48:00,50.1,50.2,183,186
2022-12-31 17:50:00,50.0,50.0,187,189
2022-12-31 17:52:00,50.2,50.2,185,188
2022-12-31 17:54:00,50.1,50.1,184,187
2022-12-31 17:56:00,50.2,50.1,187,189
2022-12-31 17:58:00,50.0,50.0,185,189
2022-12-31 18:00:00,50.2,50.2,187,190
2022-12-31 18:02:00,50.1,50.1,185,188
2022-12-31 18:04:00,50.0,50.0,182,185
2022-12-31 18:06:00,50.1,50.1,183,186
2022-12-31 18:08:00,50.1,50.1,186,188
2022-12-31 18:10:00,50.3,50.2,185,187
2022-12-31 18:12:00,50.1,50.1,183,186
2022-12-31 18:14:00,50.2,50.2,187,190
2022-12-31 18:16:00,49.9,49.9,188,190
2022-12-31 18:18:00,49.9,49.8,183,186
2022-12-31 18:20:00,49.9,49.9,187,190
2022-12-31 18:22:00,50.3,50.3,188,190
2022-12-31 18:24:00,50.2,50.2,185,188
2022-12-31 18:26:00,49.8,49.9,186,189
2022-12-31 18:28:00,50.2,50.1,189,190
2022-12-31 18:30:00,49.8,49.7,187,190
2022-12-31 18:32:00,50.0,50,186,188
2022-12-31 18:34:00,50.1,50.1,187,189
2022-12-31 18:36:00,49.9,49.9,180,178
2022-12-31 18:38:00,49.9,49.9,182,180
2022-12-31 18:40:00,49.8,49.8,182,178
2022-12-31 18:42:00,50.1,50.1,182,185
2022-12-31 18:44:00,50.0,50.1,174,182
2022-12-31 18:46:00,50.2,50.2,174,181
2022-12-31 18:48:00,50.0,50.1,166,175
2022-12-31 18:50:00,50.1,50.0,173,178
2022-12-31 18:52:00,50.5,50.4,174,178
2022-12-31 18:54:00,50.1,50.1,182,185
2022-12-31 18:56:00,50.0,50.0,180,182
2022-12-31 18:58:00,50.0,50.0,178,180
2022-12-31 19:00:00,50.1,50.0,180,182
2022-12-31 19:02:00,50.0,50.0,176,179
2022-12-31 19:04:00,50.1,50.1,178,180
2022-12-31 19:06:00,50.0,50.0,177,179
2022-12-31 19:08:00,50.1,50.1,177,180
2022-12-31 19:10:00,50.0,50.0,175,178
2022-12-31 19:12:00,50.2,50.2,180,182
2022-12-31 19:14:00,50.3,50.3,180,183
2022-12-31 19:16:00,50.1,50.2,180,182
2022-12-31 19:18:00,49.9,49.9,180,182
2022-12-31 19:20:00,50.0,50.0,179,181
2022-12-31 19:22:00,50.1,50.1,180,182
2022-12-31 19:24:00,49.8,49.8,181,182
2022-12-31 19:26:00,50.2,50.2,184,186
2022-12-31 19:28:00,50.2,50.2,184,187
2022-12-31 19:30:00,49.9,49.9,184,186
2022-12-31 19:32:00,50.1,50.1,187,190
2022-12-31 19:34:00,50.1,50.1,184,187
2022-12-31 19:36:00,50.2,50.3,185,187
2022-12-31 19:38:00,50.0,50,183,185
2022-12-31 19:40:00,49.8,49.9,185,188
2022-12-31 19:42:00,50.2,50.2,185,187
2022-12-31 19:44:00,49.9,49.9,181,182
2022-12-31 19:46:00,50.0,50.0,179,182
2022-12-31 19:48:00,50.2,50.2,178,180
2022-12-31 19:50:00,50.1,50.1,183,185
2022-12-31 19:52:00,50.1,50.0,180,182
2022-12-31 19:54:00,50.2,50.2,178,180
2022-12-31 19:56:00,49.9,49.9,178,180
2022-12-31 19:58:00,50.2,50.2,177,179
2022-12-31 20:00:00,49.8,49.8,171,173
2022-12-31 20:02:00,50.2,50.2,173,175
2022-12-31 20:04:00,50.1,50.0,169,172
2022-12-31 20:06:00,49.9,50.0,168,171
2022-12-31 20:08:00,50.1,50.1,173,174
2022-12-31 20:10:00,50.1,50.1,172,173
2022-12-31 20:12:00,50.2,50.2,170,172
2022-12-31 20:14:00,49.9,50.0,170,171
2022-12-31 20:16:00,50.0,50.0,175,177
2022-12-31 20:18:00,50.1,50.1,172,175
2022-12-31 20:20:00,50.0,49.9,171,173
2022-12-31 20:22:00,50.1,50.1,173,175
2022-12-31 20:24:00,50.2,50.1,173,177
2022-12-31 20:26:00,50.0,50.0,177,178
2022-12-31 20:28:00,50.1,50.1,175,178
2022-12-31 20:30:00,50.0,50.1,174,177
2022-12-31 20:32:00,50.2,50.2,171,174
2022-12-31 20:34:00,50.1,50.1,175,177
2022-12-31 20:36:00,50.1,50.1,173,175
2022-12-31 20:38:00,50.0,49.9,185,188
2022-12-31 20:40:00,50.2,50.2,188,190
2022-12-31 20:42:00,50,50.0,185,187
2022-12-31 20:44:00,50.3,50.3,185,187
2022-12-31 20:46:00,50.3,50.2,179,180
2022-12-31 20:48:00,50.3,50.2,179,180
2022-12-31 20:50:00,50.1,50.1,178,180
2022-12-31 20:52:00,50.0,50.0,182,184
2022-12-31 20:54:00,50.1,50.1,182,183
2022-12-31 20:56:00,50.1,50.1,175,177
2022-12-31 20:58:00,50.2,50.1,175,177
2022-12-31 21:00:00,50.1,50.2,168,174
2022-12-31 21:02:00,50.2,50.2,163,170
2022-12-31 21:04:00,50.2,50.2,173,174
2022-12-31 21:06:00,50.2,50.3,173,175
2022-12-31 21:08:00,50.1,50.0,175,178
2022-12-31 21:10:00,50.1,50.1,173,175
2022-12-31 21:12:00,50.2,50.2,175,177
2022-12-31 21:14:00,50.1,50.1,171,173
2022-12-31 21:16:00,50.1,50.2,174,176
2022-12-31 21:18:00,50.2,50.2,171,174
2022-12-31 21:20:00,50.2,50.2,172,174
2022-12-31 21:22:00,50.2,50.2,174,176
2022-12-31 21:24:00,50.2,50.2,176,178
2022-12-31 21:26:00,50.1,50.1,179,182
2022-12-31 21:28:00,50.3,50.3,180,182
2022-12-31 21:30:00,50.3,50.3,180,182
2022-12-31 21:32:00,50.2,50.2,180,182
2022-12-31 21:34:00,50.1,50.1,180,182
2022-12-31 21:36:00,50.3,50.3,178,179
2022-12-31 21:38:00,50.2,50.2,174,177
2022-12-31 21:40:00,50.2,50.2,172,174
2022-12-31 21:42:00,50.2,50.2,175,177
2022-12-31 21:44:00,50.2,50.2,173,176
2022-12-31 21:46:00,50.3,50.2,178,180
2022-12-31 21:48:00,50.3,50.3,177,178
2022-12-31 21:50:00,50.1,50.2,178,180
2022-12-31 21:52:00,50.3,50.3,178,180
2022-12-31 21:54:00,50.5,50.5,180,181
2022-12-31 21:56:00,50.2,50.2,179,181
2022-12-31 21:58:00,50.2,50.3,175,177
2022-12-31 22:00:00,50.4,50.3,178,179
2022-12-31 22:02:00,50.3,50.4,176,179
2022-12-31 22:04:00,50.2,50.2,177,179
2022-12-31 22:06:00,50.2,50.2,180,181
2022-12-31 22:08:00,50.3,50.3,180,181
2022-12-31 22:10:00,50.4,50.4,180,182
2022-12-31 22:12:00,50.2,50.2,180,182
2022-12-31 22:14:00,50.3,50.4,180,182
2022-12-31 22:16:00,50.4,50.5,181,182
2022-12-31 22:18:00,50.3,50.3,182,183
2022-12-31 22:20:00,50.3,50.3,182,183
2022-12-31 22:22:00,50.4,50.4,180,181
2022-12-31 22:24:00,50.2,50.3,182,183
2022-12-31 22:26:00,50.2,50.3,180,182
2022-12-31 22:28:00,50.4,50.4,180,181
2022-12-31 22:30:00,50.2,50.2,179,180
2022-12-31 22:32:00,50.4,50.5,179,181
2022-12-31 22:34:00,50.5,50.5,180,181
2022-12-31 22:36:00,50.4,50.4,178,180
2022-12-31 22:38:00,50.2,50.3,178,180
2022-12-31 22:40:00,50.3,50.3,178,180
2022-12-31 22:42:00,50.5,50.4,178,180
2022-12-31 22:44:00,50.4,50.3,181,182
2022-12-31 22:46:00,50.5,50.5,179,180
2022-12-31 22:48:00,50.5,50.4,179,181
2022-12-31 22:50:00,50.4,50.4,180,182
2022-12-31 22:52:00,50.3,50.3,180,182
2022-12-31 22:54:00,50.5,50.6,187,188
2022-12-31 22:56:00,50.3,50.4,186,187
2022-12-31 22:58:00,50.3,50.4,187,189
2022-12-31 23:00:00,50.5,50.5,187,188
2022-12-31 23:02:00,50.4,50.4,188,190
2022-12-31 23:04:00,50.5,50.4,186,188
2022-12-31 23:06:00,50.5,50.5,186,187
2022-12-31 23:08:00,50.2,50.2,183,185
2022-12-31 23:10:00,50.2,50.3,184,185
2022-12-31 23:12:00,50.2,50.3,183,185
2022-12-31 23:14:00,50.2,50.2,184,185
2022-12-31 23:16:00,50.3,50.3,185,187
2022-12-31 23:18:00,50.4,50.4,183,185
2022-12-31 23:20:00,50.3,50.3,185,187
2022-12-31 23:22:00,50.5,50.5,187,189
2022-12-31 23:24:00,50.5,50.5,189,190
2022-12-31 23:26:00,50.4,50.4,188,190
2022-12-31 23:28:00,50.5,50.5,187,188
2022-12-31 23:30:00,50.5,50.6,187,189
2022-12-31 23:32:00,50.5,50.5,190,190
2022-12-31 23:34:00,50.6,50.6,193,194
2022-12-31 23:36:00,50.4,50.4,192,194
2022-12-31 23:38:00,50.5,50.5,194,195
2022-12-31 23:40:00,50.5,50.6,194,195
2022-12-31 23:42:00,50.5,50.5,193,194
2022-12-31 23:44:00,50.4,50.4,198,199
2022-12-31 23:46:00,50.5,50.5,199,200
2022-12-31 23:48:00,50.4,50.5,199,202
2022-12-31 23:50:00,50.0,50.0,198,199
2022-12-31 23:52:00,50.1,50.1,198,199
2022-12-31 23:54:00,50.1,50.1,199,200
2022-12-31 23:56:00,50.0,50.0,199,201
2022-12-31 23:58:00,50.0,50.1,199,200